loss,grad_norm,learning_rate,num_tokens,completions/mean_length,completions/min_length,completions/max_length,completions/clipped_ratio,completions/mean_terminated_length,completions/min_terminated_length,completions/max_terminated_length,rewards/format_reward_func/mean,rewards/format_reward_func/std,rewards/reasoning_reward_func/mean,rewards/reasoning_reward_func/std,rewards/correctness_reward_func/mean,rewards/correctness_reward_func/std,reward,reward_std,frac_reward_zero_std,completion_length,kl,epoch,step,train_runtime,train_samples_per_second,train_steps_per_second,total_flos,train_loss
0.0016,0.7505922913551331,0.0,20567.0,264.46875,74.0,414.0,0.0,264.46875,74.0,414.0,0.019999999552965164,0.0,0.062453124672174454,0.046285390853881836,0.28125,0.45680341124534607,0.3637031316757202,0.262729287147522,0.0,264.46875,1.6223074048757553,0.004,1,,,,,
0.0005,0.7930169105529785,2.0000000000000002e-07,36864.0,210.28125,64.0,552.0,0.0,210.28125,64.0,552.0,0.019999999552965164,0.0,0.07359062880277634,0.04871310666203499,0.0625,0.24593468010425568,0.1560906171798706,0.15328149497509003,0.0,210.28125,0.5203474462032318,0.008,2,,,,,
0.0005,0.5217397212982178,4.0000000000000003e-07,50827.0,182.34375,71.0,610.0,0.0,182.34375,71.0,610.0,0.019999999552965164,0.0,0.06857030838727951,0.04311026260256767,0.65625,0.4825586974620819,0.744820237159729,0.31016045808792114,0.0,182.34375,0.5252507403492928,0.012,3,,,,,
0.0004,0.6453920602798462,6.000000000000001e-07,66037.0,235.8125,108.0,409.0,0.0,235.8125,108.0,409.0,0.019999999552965164,0.0,0.0832781195640564,0.033389613032341,0.25,0.4399413466453552,0.35327813029289246,0.39970090985298157,0.0,235.8125,0.39311641454696655,0.016,4,,,,,
0.0005,0.5510218143463135,8.000000000000001e-07,81973.0,245.0,46.0,1024.0,0.03125,219.87095642089844,46.0,699.0,0.019375000149011612,0.0035355337895452976,0.051899999380111694,0.060009606182575226,0.28125,0.45680341124534607,0.352524995803833,0.369672954082489,0.0,245.0,0.4853576421737671,0.02,5,,,,,
0.0005,0.6904644966125488,1.0000000000000002e-06,97004.0,176.46875,65.0,444.0,0.0,176.46875,65.0,444.0,0.019999999552965164,0.0,0.08115000277757645,0.028820982202887535,0.3125,0.4709290862083435,0.4136499762535095,0.130149707198143,0.0,176.46875,0.5103532150387764,0.024,6,,,,,
0.0014,0.6447491645812988,1.2000000000000002e-06,110581.0,181.53125,108.0,590.0,0.0,181.53125,108.0,590.0,0.019375000149011612,0.0035355337895452976,0.08234062790870667,0.03892241790890694,0.46875,0.507007360458374,0.5704655647277832,0.2661900520324707,0.0,181.53125,1.4481986612081528,0.028,7,,,,,
0.0004,1.1392698287963867,1.4000000000000001e-06,125990.0,175.53125,66.0,424.0,0.0,175.53125,66.0,424.0,0.019999999552965164,0.0,0.07912187278270721,0.02099784091114998,0.78125,0.420013427734375,0.8803718686103821,0.3176272511482239,0.0,175.53125,0.39989273995161057,0.032,8,,,,,
0.0004,0.5400370359420776,1.6000000000000001e-06,139853.0,176.46875,84.0,369.0,0.0,176.46875,84.0,369.0,0.019999999552965164,0.0,0.0910765677690506,0.017164845019578934,0.375,0.49186936020851135,0.48607656359672546,0.4790494441986084,0.0,176.46875,0.3896907866001129,0.036,9,,,,,
0.0005,0.6753383278846741,1.8000000000000001e-06,155948.0,212.96875,60.0,638.0,0.0,212.96875,60.0,638.0,0.019999999552965164,0.0,0.06403593719005585,0.04555869847536087,0.21875,0.420013427734375,0.3027859330177307,0.33337780833244324,0.0,212.96875,0.5244657769799232,0.04,10,,,,,
0.0004,0.44627711176872253,2.0000000000000003e-06,171480.0,221.625,97.0,489.0,0.0,221.625,97.0,489.0,0.019999999552965164,0.0,0.0912359431385994,0.021717296913266182,0.21875,0.420013427734375,0.32998594641685486,0.31255042552948,0.0,221.625,0.3620937913656235,0.044,11,,,,,
0.001,0.6384937763214111,2.2e-06,186374.0,233.4375,93.0,1024.0,0.03125,207.9354705810547,93.0,753.0,0.019375000149011612,0.0035355337895452976,0.06507187336683273,0.047457292675971985,0.46875,0.507007360458374,0.5531968474388123,0.43044742941856384,0.0,233.4375,1.0325865224003792,0.048,12,,,,,
0.0005,0.4875437021255493,2.4000000000000003e-06,206548.0,263.9375,72.0,1024.0,0.03125,239.41934204101562,72.0,828.0,0.019375000149011612,0.0035355337895452976,0.07667812705039978,0.04756477102637291,0.375,0.49186936020851135,0.4710531234741211,0.2424042522907257,0.0,263.9375,0.4774222820997238,0.052,13,,,,,
0.0004,0.6230990886688232,2.6e-06,220961.0,197.40625,66.0,440.0,0.0,197.40625,66.0,440.0,0.019999999552965164,0.0,0.0817093700170517,0.034156303852796555,0.65625,0.4825586974620819,0.7579593658447266,0.3665396273136139,0.0,197.40625,0.37253472208976746,0.056,14,,,,,
0.0009,0.6523628234863281,2.8000000000000003e-06,233959.0,188.1875,103.0,302.0,0.0,188.1875,103.0,302.0,0.019999999552965164,0.0,0.0913156270980835,0.013015986420214176,0.34375,0.4825586974620819,0.45506560802459717,0.3214970827102661,0.0,188.1875,0.9192178845405579,0.06,15,,,,,
0.0004,0.5311148166656494,3e-06,251257.0,241.8125,57.0,947.0,0.0,241.8125,57.0,947.0,0.019999999552965164,0.0,0.0652046874165535,0.04832320660352707,0.53125,0.507007360458374,0.6164547204971313,0.27122631669044495,0.0,241.8125,0.40364694595336914,0.064,16,,,,,
0.0005,0.5813230872154236,3.2000000000000003e-06,264284.0,175.34375,101.0,510.0,0.0,175.34375,101.0,510.0,0.019999999552965164,0.0,0.08962813019752502,0.023822888731956482,0.46875,0.507007360458374,0.5783781409263611,0.26740649342536926,0.0,175.34375,0.49982302635908127,0.068,17,,,,,
0.0003,0.5803990364074707,3.4000000000000005e-06,284516.0,295.5,114.0,804.0,0.0,295.5,114.0,804.0,0.019999999552965164,0.0,0.06264999508857727,0.06575368344783783,0.15625,0.3689020276069641,0.23890000581741333,0.2554532587528229,0.0,295.5,0.31181906908750534,0.072,18,,,,,
0.0004,0.537746250629425,3.6000000000000003e-06,299249.0,217.40625,78.0,457.0,0.0,217.40625,78.0,457.0,0.019999999552965164,0.0,0.08645156025886536,0.033373769372701645,0.25,0.4399413466453552,0.3564515709877014,0.36833029985427856,0.0,217.40625,0.4322241544723511,0.076,19,,,,,
0.0005,0.9966375827789307,3.8000000000000005e-06,313670.0,164.40625,73.0,332.0,0.0,164.40625,73.0,332.0,0.019999999552965164,0.0,0.08432969450950623,0.0266497191041708,0.4375,0.504016101360321,0.5418297052383423,0.3345426619052887,0.0,164.40625,0.5185593962669373,0.08,20,,,,,
0.0005,0.6900219917297363,4.000000000000001e-06,325525.0,141.21875,50.0,691.0,0.0,141.21875,50.0,691.0,0.019375000149011612,0.0035355337895452976,0.0681999996304512,0.03429346904158592,0.4375,0.504016101360321,0.5250749588012695,0.4166896939277649,0.0,141.21875,0.5472104549407959,0.084,21,,,,,
0.0004,0.7640553712844849,4.2000000000000004e-06,342011.0,246.9375,118.0,1024.0,0.03125,221.87095642089844,118.0,497.0,0.01875000074505806,0.0049186935648322105,0.07060311734676361,0.04685806855559349,0.5,0.5080004930496216,0.589353084564209,0.47369062900543213,0.0,246.9375,0.4283176586031914,0.088,22,,,,,
0.0005,0.5377237200737,4.4e-06,357803.0,181.5,66.0,370.0,0.0,181.5,66.0,370.0,0.019999999552965164,0.0,0.08976718783378601,0.020399773493409157,0.53125,0.507007360458374,0.6410171985626221,0.49427109956741333,0.0,181.5,0.4571635350584984,0.092,23,,,,,
0.0005,0.6096412539482117,4.600000000000001e-06,372530.0,216.71875,64.0,904.0,0.0,216.71875,64.0,904.0,0.019999999552965164,0.0,0.08108749985694885,0.04164864122867584,0.40625,0.49899089336395264,0.5073374509811401,0.4303159713745117,0.0,216.71875,0.4688563272356987,0.096,24,,,,,
0.0005,0.740232527256012,4.800000000000001e-06,385737.0,185.46875,77.0,565.0,0.0,185.46875,77.0,565.0,0.019999999552965164,0.0,0.070250004529953,0.040297217667102814,0.3125,0.4709290862083435,0.40275001525878906,0.3581131100654602,0.0,185.46875,0.49439334869384766,0.1,25,,,,,
0.0004,0.5859277844429016,5e-06,403353.0,270.5,97.0,819.0,0.0,270.5,97.0,819.0,0.019375000149011612,0.0035355337895452976,0.06234218552708626,0.053255677223205566,0.1875,0.3965577781200409,0.26921719312667847,0.3961981534957886,0.0,270.5,0.3930889964103699,0.104,26,,,,,
0.0005,0.5906239151954651,4.999756310023261e-06,421124.0,236.59375,75.0,852.0,0.0,236.59375,75.0,852.0,0.019999999552965164,0.0,0.06703750044107437,0.061115555465221405,0.625,0.49186936020851135,0.7120374441146851,0.35230547189712524,0.0,236.59375,0.4735395908355713,0.108,27,,,,,
0.0005,0.7350993156433105,4.999025287600886e-06,434863.0,177.84375,63.0,658.0,0.0,177.84375,63.0,658.0,0.019999999552965164,0.0,0.08090625703334808,0.03859977796673775,0.125,0.33601075410842896,0.22590625286102295,0.3623238801956177,0.0,177.84375,0.49963900446891785,0.112,28,,,,,
0.0005,0.5932937264442444,4.997807075247147e-06,449163.0,190.625,67.0,462.0,0.0,190.625,67.0,462.0,0.019999999552965164,0.0,0.078062504529953,0.04369533434510231,0.1875,0.3965577781200409,0.28556251525878906,0.2427968680858612,0.0,190.625,0.5142655000090599,0.116,29,,,,,
0.0005,0.709389328956604,4.996101910454953e-06,462288.0,148.15625,56.0,704.0,0.0,148.15625,56.0,704.0,0.019999999552965164,0.0,0.07022969424724579,0.041984740644693375,0.71875,0.45680341124534607,0.8089796900749207,0.31795695424079895,0.0,148.15625,0.4711265116930008,0.12,30,,,,,
0.0005,0.5470267534255981,4.993910125649561e-06,477597.0,218.90625,107.0,366.0,0.0,218.90625,107.0,366.0,0.019999999552965164,0.0,0.09250937402248383,0.013224851340055466,0.125,0.33601075410842896,0.2375093698501587,0.22359326481819153,0.0,218.90625,0.5350455716252327,0.124,31,,,,,
0.0005,0.5780254006385803,4.9912321481237616e-06,491334.0,171.28125,50.0,456.0,0.0,171.28125,50.0,456.0,0.019999999552965164,0.0,0.0656374990940094,0.039422571659088135,0.53125,0.507007360458374,0.6168874502182007,0.2630726099014282,0.0,171.28125,0.46262216567993164,0.128,32,,,,,
0.0003,0.5098274946212769,4.988068499954578e-06,506624.0,206.3125,80.0,406.0,0.0,206.3125,80.0,406.0,0.019999999552965164,0.0,0.08532343804836273,0.0306707751005888,0.25,0.4399413466453552,0.3553234338760376,0.3650220036506653,0.0,206.3125,0.3323604092001915,0.132,33,,,,,
0.0008,0.6234425902366638,4.984419797901491e-06,522310.0,236.4375,65.0,907.0,0.0,236.4375,65.0,907.0,0.019999999552965164,0.0,0.04533906653523445,0.07101722806692123,0.34375,0.4825586974620819,0.40908902883529663,0.22562062740325928,0.0,236.4375,0.8464429080486298,0.136,34,,,,,
0.0013,0.6630696058273315,4.980286753286196e-06,536881.0,155.09375,84.0,336.0,0.0,155.09375,84.0,336.0,0.019999999552965164,0.0,0.08762499690055847,0.02685467153787613,0.59375,0.49899089336395264,0.7013750076293945,0.3809435963630676,0.0,155.09375,1.2908452451229095,0.14,35,,,,,
0.0005,0.5219931602478027,4.975670171853926e-06,551566.0,179.90625,89.0,629.0,0.0,179.90625,89.0,629.0,0.019999999552965164,0.0,0.07471093535423279,0.03588969632983208,0.5625,0.504016101360321,0.6572108864784241,0.12909527122974396,0.0,179.90625,0.4570798948407173,0.144,36,,,,,
0.0005,0.7415969967842102,4.970570953616383e-06,563915.0,167.15625,58.0,513.0,0.0,167.15625,58.0,513.0,0.019999999552965164,0.0,0.08442500233650208,0.037016745656728745,0.71875,0.45680341124534607,0.8231749534606934,0.27040955424308777,0.0,167.15625,0.5385978892445564,0.148,37,,,,,
0.0008,0.55170738697052,4.964990092676263e-06,580962.0,234.71875,94.0,662.0,0.0,234.71875,94.0,662.0,0.019999999552965164,0.0,0.08708749711513519,0.034060727804899216,0.3125,0.4709290862083435,0.41958749294281006,0.4251105785369873,0.0,234.71875,0.7581324130296707,0.152,38,,,,,
0.0004,2.5243844985961914,4.958928677033465e-06,600346.0,248.25,113.0,446.0,0.0,248.25,113.0,446.0,0.019999999552965164,0.0,0.07510781288146973,0.04578836262226105,0.53125,0.507007360458374,0.6263577938079834,0.4366821050643921,0.0,248.25,0.4360639899969101,0.156,39,,,,,
0.0004,0.614935040473938,4.9523878883729794e-06,615039.0,209.40625,110.0,431.0,0.0,209.40625,110.0,431.0,0.019999999552965164,0.0,0.08428750187158585,0.029463589191436768,0.375,0.49186936020851135,0.4792875051498413,0.42984437942504883,0.0,209.40625,0.39145783334970474,0.16,40,,,,,
0.0005,0.583244800567627,4.9453690018345144e-06,628965.0,160.9375,62.0,352.0,0.0,160.9375,62.0,352.0,0.019999999552965164,0.0,0.07946406304836273,0.02026798017323017,0.78125,0.420013427734375,0.8807140588760376,0.27161288261413574,0.0,160.9375,0.5100400969386101,0.164,41,,,,,
0.0003,0.5248549580574036,4.937873385763909e-06,644117.0,208.25,99.0,505.0,0.0,208.25,99.0,505.0,0.019999999552965164,0.0,0.08483593910932541,0.044736579060554504,0.1875,0.3965577781200409,0.2923359274864197,0.32453566789627075,0.0,208.25,0.3372051529586315,0.168,42,,,,,
0.0004,0.7246339917182922,4.9299025014463665e-06,656998.0,175.28125,71.0,388.0,0.0,175.28125,71.0,388.0,0.019999999552965164,0.0,0.08842343837022781,0.01822965033352375,0.21875,0.420013427734375,0.3271734416484833,0.34169691801071167,0.0,175.28125,0.4352729618549347,0.172,43,,,,,
0.0003,0.5052462220191956,4.921457902821578e-06,672956.0,222.1875,97.0,565.0,0.0,222.1875,97.0,565.0,0.019999999552965164,0.0,0.07821406424045563,0.040939778089523315,0.34375,0.4825586974620819,0.4419640302658081,0.34403133392333984,0.0,222.1875,0.34521256387233734,0.176,44,,,,,
0.0022,0.4848773181438446,4.912541236180779e-06,696748.0,304.0,104.0,874.0,0.0,304.0,104.0,874.0,0.019999999552965164,0.0,0.05365625023841858,0.06537950783967972,0.4375,0.504016101360321,0.5111562609672546,0.24096518754959106,0.0,304.0,2.1841317638754845,0.18,45,,,,,
0.0004,0.5942860245704651,4.903154239845798e-06,712822.0,233.0625,86.0,576.0,0.0,233.0625,86.0,576.0,0.019999999552965164,0.0,0.0789562538266182,0.04502209648489952,0.21875,0.420013427734375,0.31770628690719604,0.35381636023521423,0.0,233.0625,0.3548634946346283,0.184,46,,,,,
0.0004,0.6219046115875244,4.893298743830168e-06,732446.0,240.0,111.0,522.0,0.0,240.0,111.0,522.0,0.019999999552965164,0.0,0.08098437637090683,0.03495083376765251,0.0,0.0,0.10098437964916229,0.0313103161752224,0.0,240.0,0.3582889586687088,0.188,47,,,,,
0.0005,0.7199732661247253,4.882976669482368e-06,745022.0,161.5,63.0,265.0,0.0,161.5,63.0,265.0,0.019999999552965164,0.0,0.08843749761581421,0.02145569398999214,0.5625,0.504016101360321,0.6709374785423279,0.4850578308105469,0.0,161.5,0.47184767574071884,0.192,48,,,,,
0.0007,0.750899076461792,4.8721900291112415e-06,755086.0,122.25,54.0,335.0,0.0,122.25,54.0,335.0,0.019999999552965164,0.0,0.06946562975645065,0.04503638669848442,0.5,0.5080004930496216,0.5894656181335449,0.2476995587348938,0.0,122.25,0.6811291575431824,0.196,49,,,,,
0.0003,0.5108079314231873,4.860940925593703e-06,770367.0,182.28125,83.0,407.0,0.0,182.28125,83.0,407.0,0.019999999552965164,0.0,0.08779687434434891,0.018396852537989616,0.46875,0.507007360458374,0.576546847820282,0.4379919767379761,0.0,182.28125,0.3432168960571289,0.2,50,,,,,
0.0005,0.7699474692344666,4.849231551964771e-06,782965.0,166.6875,86.0,516.0,0.0,166.6875,86.0,516.0,0.019999999552965164,0.0,0.07803750038146973,0.04151994362473488,0.5,0.5080004930496216,0.5980374813079834,0.36145949363708496,0.0,166.6875,0.46552426367998123,0.204,51,,,,,
0.0006,0.9129730463027954,4.837064190990036e-06,795995.0,190.9375,67.0,671.0,0.0,190.9375,67.0,671.0,0.019999999552965164,0.0,0.07315625250339508,0.046066295355558395,0.8125,0.3965577781200409,0.9056562781333923,0.21622297167778015,0.0,190.9375,0.5805549994111061,0.208,52,,,,,
0.0005,0.6825798749923706,4.824441214720629e-06,808014.0,121.09375,59.0,235.0,0.0,121.09375,59.0,235.0,0.019999999552965164,0.0,0.08455468714237213,0.017244534566998482,0.3125,0.4709290862083435,0.4170546531677246,0.1280950903892517,0.0,121.09375,0.5198377296328545,0.212,53,,,,,
0.0003,0.3656541705131531,4.811365084030784e-06,829634.0,306.375,134.0,703.0,0.0,306.375,134.0,703.0,0.019999999552965164,0.0,0.05293594300746918,0.07359355688095093,0.375,0.49186936020851135,0.44793593883514404,0.3302571177482605,0.0,306.375,0.33781809359788895,0.216,54,,,,,
0.0004,0.5503148436546326,4.7978383481380865e-06,848530.0,301.5,90.0,1024.0,0.125,198.2857208251953,90.0,400.0,0.017500000074505806,0.006720214616507292,0.07576718926429749,0.03495285287499428,0.0625,0.24593468010425568,0.15576720237731934,0.19831949472427368,0.0,301.5,0.4051515981554985,0.22,55,,,,,
0.0004,0.49703529477119446,4.783863644106502e-06,865271.0,258.65625,106.0,610.0,0.0,258.65625,106.0,610.0,0.019999999552965164,0.0,0.0779968798160553,0.046920016407966614,0.28125,0.45680341124534607,0.37924686074256897,0.2650276720523834,0.0,258.65625,0.407007172703743,0.224,56,,,,,
0.0005,0.5861936211585999,4.769443696332272e-06,885911.0,314.25,86.0,1024.0,0.03125,291.3548278808594,86.0,1002.0,0.019375000149011612,0.0035355337895452976,0.05027499794960022,0.07592352479696274,0.375,0.49186936020851135,0.44464999437332153,0.17543405294418335,0.0,314.25,0.49733591824769974,0.228,57,,,,,
0.0019,0.9007184505462646,4.754581316012785e-06,900488.0,223.28125,107.0,373.0,0.0,223.28125,107.0,373.0,0.019999999552965164,0.0,0.09172499924898148,0.017406288534402847,0.3125,0.4709290862083435,0.4242250323295593,0.35558491945266724,0.0,223.28125,1.8502762243151665,0.232,58,,,,,
0.0004,0.6141439080238342,4.7392794005985324e-06,917124.0,205.625,75.0,506.0,0.0,205.625,75.0,506.0,0.019999999552965164,0.0,0.06047656014561653,0.05812720209360123,0.5,0.5080004930496216,0.5804765820503235,0.28809165954589844,0.0,205.625,0.4373789280653,0.236,59,,,,,
0.0006,0.6543061137199402,4.723540933228245e-06,934009.0,271.65625,77.0,1024.0,0.03125,247.3870849609375,77.0,491.0,0.019375000149011612,0.0035355337895452976,0.06912031769752502,0.05940239876508713,0.34375,0.4825586974620819,0.43224531412124634,0.4237745404243469,0.0,271.65625,0.5770601406693459,0.24,60,,,,,
0.0006,0.653466522693634,4.707368982147318e-06,947792.0,171.21875,75.0,360.0,0.0,171.21875,75.0,360.0,0.019999999552965164,0.0,0.0881296917796135,0.01693831756711006,0.53125,0.507007360458374,0.639379620552063,0.4409293830394745,0.0,171.21875,0.5903310179710388,0.244,61,,,,,
0.0004,0.6107101440429688,4.690766700109659e-06,963229.0,249.65625,89.0,1024.0,0.03125,224.6774139404297,89.0,459.0,0.019375000149011612,0.0035355337895452976,0.07994844019412994,0.03322770446538925,0.34375,0.4825586974620819,0.44307342171669006,0.1538226306438446,0.0,249.65625,0.4075315520167351,0.248,62,,,,,
0.0005,0.5328198075294495,4.673737323763048e-06,980817.0,243.875,85.0,521.0,0.0,243.875,85.0,521.0,0.019999999552965164,0.0,0.0755140632390976,0.04718300327658653,0.8125,0.3965577781200409,0.9080140590667725,0.2686445116996765,0.0,243.875,0.49578989297151566,0.252,63,,,,,
0.0007,0.5965231657028198,4.656284173018144e-06,995781.0,202.375,76.0,797.0,0.0,202.375,76.0,797.0,0.019999999552965164,0.0,0.06680937111377716,0.049601372331380844,0.4375,0.504016101360321,0.5243093967437744,0.41952580213546753,0.0,202.375,0.7227410078048706,0.256,64,,,,,
0.0012,0.6142367720603943,4.638410650401267e-06,1013097.0,262.125,64.0,881.0,0.0,262.125,64.0,881.0,0.019999999552965164,0.0,0.06697656214237213,0.06624278426170349,0.5,0.5080004930496216,0.5869765281677246,0.3569302558898926,0.0,262.125,1.1569720730185509,0.26,65,,,,,
0.0005,0.743601381778717,4.620120240391065e-06,1027754.0,223.78125,57.0,647.0,0.0,223.78125,57.0,647.0,0.019375000149011612,0.0035355337895452976,0.06604531407356262,0.04327072948217392,0.53125,0.507007360458374,0.6166703104972839,0.31942111253738403,0.0,223.78125,0.5493045523762703,0.264,66,,,,,
0.0004,0.46852096915245056,4.601416508739211e-06,1044568.0,268.9375,96.0,1024.0,0.03125,244.5806427001953,96.0,560.0,0.019375000149011612,0.0035355337895452976,0.07091718912124634,0.05300302058458328,0.46875,0.507007360458374,0.55904221534729,0.21316774189472198,0.0,268.9375,0.404400035738945,0.268,67,,,,,
0.0004,0.6666710376739502,4.582303101775249e-06,1062290.0,261.8125,92.0,1024.0,0.03125,237.22579956054688,92.0,769.0,0.019375000149011612,0.0035355337895452976,0.0603390634059906,0.06816863268613815,0.40625,0.49899089336395264,0.4859640300273895,0.5008684396743774,0.0,261.8125,0.4143185690045357,0.272,68,,,,,
0.0005,0.5673139095306396,4.562783745695738e-06,1074849.0,155.71875,63.0,354.0,0.0,155.71875,63.0,354.0,0.019999999552965164,0.0,0.07776249945163727,0.022067002952098846,0.59375,0.49899089336395264,0.6915124654769897,0.13958251476287842,0.0,155.71875,0.5029636472463608,0.276,69,,,,,
0.0003,0.5283542275428772,4.542862245837821e-06,1091511.0,273.1875,126.0,614.0,0.0,273.1875,126.0,614.0,0.019999999552965164,0.0,0.07604219019412994,0.04759223014116287,0.375,0.49186936020851135,0.4710421860218048,0.3896405100822449,0.0,273.1875,0.3310054838657379,0.28,70,,,,,
0.0006,0.9123744964599609,4.522542485937369e-06,1104810.0,170.59375,72.0,321.0,0.0,170.59375,72.0,321.0,0.019999999552965164,0.0,0.08891718834638596,0.01847277767956257,0.53125,0.507007360458374,0.6401671767234802,0.44163084030151367,0.0,170.59375,0.559044137597084,0.284,71,,,,,
0.0004,0.526776909828186,4.501828427371834e-06,1119268.0,212.3125,62.0,490.0,0.0,212.3125,62.0,490.0,0.019999999552965164,0.0,0.08795155584812164,0.022079290822148323,0.5625,0.504016101360321,0.6704515218734741,0.4853358268737793,0.0,212.3125,0.41775064915418625,0.288,72,,,,,
0.0004,0.6132948398590088,4.4807241083879774e-06,1138421.0,345.78125,144.0,1024.0,0.03125,323.9032287597656,144.0,985.0,0.018124999478459358,0.005922891665250063,0.05440155789256096,0.06608595699071884,0.46875,0.507007360458374,0.5412765741348267,0.2772834897041321,0.0,345.78125,0.3693752661347389,0.292,73,,,,,
0.0006,0.6245941519737244,4.4592336433146e-06,1155279.0,271.3125,57.0,1024.0,0.03125,247.03225708007812,57.0,605.0,0.019375000149011612,0.0035355337895452976,0.060804691165685654,0.05635775253176689,0.5,0.5080004930496216,0.5801796913146973,0.3534296154975891,0.0,271.3125,0.5804629251360893,0.296,74,,,,,
0.0005,0.5378761291503906,4.437361221760449e-06,1170839.0,197.5,71.0,515.0,0.0,197.5,71.0,515.0,0.019999999552965164,0.0,0.08133125305175781,0.03217804431915283,0.40625,0.49899089336395264,0.5075812339782715,0.4574996531009674,0.0,197.5,0.48339106142520905,0.3,75,,,,,
0.0006,0.6516861915588379,4.415111107797445e-06,1183714.0,154.59375,64.0,384.0,0.0,154.59375,64.0,384.0,0.019999999552965164,0.0,0.08833593875169754,0.01688094064593315,0.4375,0.504016101360321,0.5458359718322754,0.4895406663417816,0.0,154.59375,0.6336308270692825,0.304,76,,,,,
0.0004,0.5763065814971924,4.3924876391293915e-06,1200002.0,227.25,77.0,641.0,0.0,227.25,77.0,641.0,0.019999999552965164,0.0,0.08108281344175339,0.03763727843761444,0.59375,0.49899089336395264,0.6948328018188477,0.3201560974121094,0.0,227.25,0.4225984364748001,0.308,77,,,,,
0.0006,0.6898136138916016,4.36949522624633e-06,1212736.0,154.1875,65.0,418.0,0.0,154.1875,65.0,418.0,0.019999999552965164,0.0,0.08157500624656677,0.018883608281612396,0.46875,0.507007360458374,0.5703250169754028,0.3454315662384033,0.0,154.1875,0.5717852339148521,0.312,78,,,,,
0.0045,0.9186210632324219,4.346138351564711e-06,1230887.0,235.71875,76.0,947.0,0.0,235.71875,76.0,947.0,0.019375000149011612,0.0035355337895452976,0.062049999833106995,0.05613438040018082,0.25,0.4399413466453552,0.3314249813556671,0.3569026589393616,0.0,235.71875,4.524266600608826,0.316,79,,,,,
0.0006,0.5867036581039429,4.322421568553529e-06,1247563.0,260.625,52.0,775.0,0.0,260.625,52.0,775.0,0.019999999552965164,0.0,0.0641031265258789,0.045972201973199844,0.59375,0.49899089336395264,0.6778531074523926,0.25978875160217285,0.0,260.625,0.5756857991218567,0.32,80,,,,,
0.0005,0.6376380920410156,4.2983495008466285e-06,1260671.0,164.375,80.0,393.0,0.0,164.375,80.0,393.0,0.019999999552965164,0.0,0.09254531562328339,0.02172289602458477,0.53125,0.507007360458374,0.6437953114509583,0.3418826758861542,0.0,164.375,0.512273982167244,0.324,81,,,,,
0.0004,0.5886307954788208,4.273926841341303e-06,1279944.0,278.53125,83.0,598.0,0.0,278.53125,83.0,598.0,0.019375000149011612,0.0035355337895452976,0.06343124806880951,0.05163838714361191,0.375,0.49186936020851135,0.45780622959136963,0.4878000020980835,0.0,278.53125,0.37064646929502487,0.328,82,,,,,
0.0006,0.489191472530365,4.249158351283414e-06,1293088.0,195.5,125.0,294.0,0.0,195.5,125.0,294.0,0.019999999552965164,0.0,0.09662969410419464,0.007657854352146387,0.375,0.49186936020851135,0.4916296899318695,0.4695953130722046,0.0,195.5,0.5960815772414207,0.332,83,,,,,
0.0006,0.5382324457168579,4.224048859339175e-06,1308670.0,227.6875,87.0,707.0,0.0,227.6875,87.0,707.0,0.019375000149011612,0.0035355337895452976,0.07017499953508377,0.05517108365893364,0.59375,0.49899089336395264,0.6833000183105469,0.24467480182647705,0.0,227.6875,0.5657045841217041,0.336,84,,,,,
0.0005,0.5753364562988281,4.198603260653792e-06,1323665.0,217.34375,72.0,475.0,0.0,217.34375,72.0,475.0,0.019999999552965164,0.0,0.06771562993526459,0.046282682567834854,0.46875,0.507007360458374,0.5564656257629395,0.38716208934783936,0.0,217.34375,0.5478671863675117,0.34,85,,,,,
0.0006,0.6126457452774048,4.172826515897146e-06,1335379.0,134.5625,64.0,265.0,0.0,134.5625,64.0,265.0,0.019999999552965164,0.0,0.08707188069820404,0.015992388129234314,0.78125,0.420013427734375,0.8883218169212341,0.21123838424682617,0.0,134.5625,0.595932625234127,0.344,86,,,,,
0.0007,0.6087460517883301,4.146723650296701e-06,1349448.0,166.40625,65.0,514.0,0.0,166.40625,65.0,514.0,0.019999999552965164,0.0,0.08216406404972076,0.03358684107661247,0.59375,0.49899089336395264,0.6959140300750732,0.34904271364212036,0.0,166.40625,0.7070969939231873,0.348,87,,,,,
0.0003,1.5988222360610962,4.120299752657828e-06,1375906.0,395.3125,206.0,1024.0,0.03125,375.0322570800781,206.0,730.0,0.019375000149011612,0.0035355337895452976,0.03604999929666519,0.0707915872335434,0.28125,0.45680341124534607,0.3366750180721283,0.23699212074279785,0.0,395.3125,0.27988021448254585,0.352,88,,,,,
0.0004,0.6715822815895081,4.093559974371725e-06,1391944.0,217.4375,69.0,364.0,0.0,217.4375,69.0,364.0,0.019999999552965164,0.0,0.08084218949079514,0.029347527772188187,0.375,0.49186936020851135,0.4758421778678894,0.34837743639945984,0.0,217.4375,0.43964163959026337,0.356,89,,,,,
0.0004,0.3971012532711029,4.066509528411151e-06,1415390.0,284.6875,127.0,1024.0,0.03125,260.8387145996094,127.0,504.0,0.01875000074505806,0.0049186935648322105,0.07009688019752502,0.04695231467485428,0.28125,0.45680341124534607,0.3700968623161316,0.44984474778175354,0.0,284.6875,0.38603348284959793,0.36,90,,,,,
0.0003,0.5639212131500244,4.039153688314146e-06,1434577.0,311.09375,119.0,910.0,0.0,311.09375,119.0,910.0,0.019999999552965164,0.0,0.0676250010728836,0.054727207869291306,0.46875,0.507007360458374,0.5563750267028809,0.4946029782295227,0.0,311.09375,0.3262394443154335,0.364,91,,,,,
0.0004,0.537880003452301,4.011497787155938e-06,1454021.0,315.625,142.0,773.0,0.0,315.625,142.0,773.0,0.019999999552965164,0.0,0.05292968824505806,0.07682237029075623,0.125,0.33601075410842896,0.19792968034744263,0.25562459230422974,0.0,315.625,0.38726262748241425,0.368,92,,,,,
0.0006,0.6807031631469727,3.983547216509254e-06,1467466.0,195.90625,66.0,493.0,0.0,195.90625,66.0,493.0,0.019999999552965164,0.0,0.07408125698566437,0.04126825928688049,0.4375,0.504016101360321,0.5315812230110168,0.40518760681152344,0.0,195.90625,0.5530846416950226,0.372,93,,,,,
0.0004,0.47027289867401123,3.955307425393224e-06,1483430.0,217.125,94.0,425.0,0.0,217.125,94.0,425.0,0.019999999552965164,0.0,0.09203749895095825,0.020386191084980965,0.34375,0.4825586974620819,0.4557875394821167,0.3313927948474884,0.0,217.125,0.42464490979909897,0.376,94,,,,,
0.0005,0.6621832251548767,3.92678391921108e-06,1498599.0,224.78125,81.0,420.0,0.0,224.78125,81.0,420.0,0.019999999552965164,0.0,0.08308125287294388,0.033087875694036484,0.34375,0.4825586974620819,0.44683125615119934,0.4662974774837494,0.0,224.78125,0.46812624484300613,0.38,95,,,,,
0.0006,0.6093900799751282,3.897982258676867e-06,1513654.0,216.96875,91.0,646.0,0.0,216.96875,91.0,646.0,0.019999999552965164,0.0,0.07455313205718994,0.05168451368808746,0.5,0.5080004930496216,0.5945531129837036,0.3368516266345978,0.0,216.96875,0.646524041891098,0.384,96,,,,,
0.0004,0.5471099615097046,3.868908058731376e-06,1530971.0,274.15625,107.0,586.0,0.0,274.15625,107.0,586.0,0.019375000149011612,0.0035355337895452976,0.07497187703847885,0.043886881321668625,0.46875,0.507007360458374,0.5630968809127808,0.3856138288974762,0.0,274.15625,0.39138273149728775,0.388,97,,,,,
0.0006,0.7729262709617615,3.839566987447492e-06,1544218.0,180.71875,91.0,356.0,0.0,180.71875,91.0,356.0,0.019999999552965164,0.0,0.07712968438863754,0.028873387724161148,0.65625,0.4825586974620819,0.7533797025680542,0.3150005638599396,0.0,180.71875,0.5978062748908997,0.392,98,,,,,
0.0004,0.595078706741333,3.8099647649251984e-06,1560963.0,225.53125,74.0,650.0,0.0,225.53125,74.0,650.0,0.019999999552965164,0.0,0.06954218447208405,0.0470893569290638,0.4375,0.504016101360321,0.5270421504974365,0.3365136981010437,0.0,225.53125,0.43949566781520844,0.396,99,,,,,
0.0004,0.6110771298408508,3.780107162176429e-06,1577262.0,226.59375,96.0,437.0,0.0,226.59375,96.0,437.0,0.019999999552965164,0.0,0.08418750017881393,0.026163192465901375,0.25,0.4399413466453552,0.3541874885559082,0.3341350853443146,0.0,226.59375,0.40715471655130386,0.4,100,,,,,
0.0005,0.8025833368301392,3.7500000000000005e-06,1590843.0,149.90625,65.0,398.0,0.0,149.90625,65.0,398.0,0.019999999552965164,0.0,0.08296562731266022,0.036530885845422745,0.625,0.49186936020851135,0.7279655933380127,0.3148987591266632,0.0,149.90625,0.5467347949743271,0.404,101,,,,,
0.0005,0.5907571315765381,3.7196491478468322e-06,1603670.0,186.09375,126.0,297.0,0.0,186.09375,126.0,297.0,0.019999999552965164,0.0,0.08515312522649765,0.03519860655069351,0.59375,0.49899089336395264,0.6989031434059143,0.3200477957725525,0.0,186.09375,0.514708437025547,0.408,102,,,,,
0.0005,0.6690249443054199,3.689060522675689e-06,1623199.0,259.03125,65.0,756.0,0.0,259.03125,65.0,756.0,0.019999999552965164,0.0,0.06442812085151672,0.05071147158741951,0.28125,0.45680341124534607,0.3656781017780304,0.11680655926465988,0.0,259.03125,0.46261197328567505,0.412,103,,,,,
0.0005,0.6303485631942749,3.658240087799655e-06,1639580.0,238.90625,70.0,519.0,0.0,238.90625,70.0,519.0,0.019999999552965164,0.0,0.07265781611204147,0.0385308563709259,0.40625,0.49899089336395264,0.49890780448913574,0.2273310422897339,0.0,238.90625,0.48582489788532257,0.416,104,,,,,
0.0005,0.5913870930671692,3.627193851723577e-06,1656452.0,205.0,57.0,681.0,0.0,205.0,57.0,681.0,0.019999999552965164,0.0,0.06777499616146088,0.05293888971209526,0.46875,0.507007360458374,0.5565249919891357,0.3414161205291748,0.0,205.0,0.5412799268960953,0.42,105,,,,,
0.0005,0.5551643371582031,3.595927866972694e-06,1670362.0,191.1875,72.0,1024.0,0.03125,164.32257080078125,72.0,359.0,0.019375000149011612,0.0035355337895452976,0.07516718655824661,0.02526460960507393,0.40625,0.49899089336395264,0.5007922053337097,0.34506869316101074,0.0,191.1875,0.4547443464398384,0.424,106,,,,,
0.0004,0.9098284244537354,3.564448228912682e-06,1685763.0,213.78125,110.0,429.0,0.0,213.78125,110.0,429.0,0.019999999552965164,0.0,0.08156093955039978,0.045392654836177826,0.34375,0.4825586974620819,0.44531095027923584,0.31403571367263794,0.0,213.78125,0.38108233362436295,0.428,107,,,,,
0.0025,0.8194316625595093,3.532761074561355e-06,1704432.0,244.90625,89.0,522.0,0.0,244.90625,89.0,522.0,0.019999999552965164,0.0,0.06435468792915344,0.05519691854715347,0.53125,0.507007360458374,0.6156046986579895,0.38768965005874634,0.0,244.90625,2.518855221569538,0.432,108,,,,,
0.0005,0.6530691981315613,3.5008725813922383e-06,1718987.0,202.59375,87.0,503.0,0.0,202.59375,87.0,503.0,0.019375000149011612,0.0035355337895452976,0.07692813128232956,0.03782122954726219,0.375,0.49186936020851135,0.4713031053543091,0.38017284870147705,0.0,202.59375,0.47984015196561813,0.436,109,,,,,
0.0005,0.47602155804634094,3.4687889661302577e-06,1739813.0,279.5625,77.0,789.0,0.0,279.5625,77.0,789.0,0.019375000149011612,0.0035355337895452976,0.06193593889474869,0.06538189947605133,0.25,0.4399413466453552,0.3313109576702118,0.3535045385360718,0.0,279.5625,0.4710116311907768,0.44,110,,,,,
0.0004,0.5482363700866699,3.436516483539781e-06,1756814.0,240.28125,91.0,695.0,0.0,240.28125,91.0,695.0,0.019999999552965164,0.0,0.07774688303470612,0.04183542728424072,0.4375,0.504016101360321,0.5352468490600586,0.43748581409454346,0.0,240.28125,0.4288225993514061,0.444,111,,,,,
0.0005,0.5900503993034363,3.4040614252052305e-06,1773653.0,205.96875,76.0,396.0,0.0,205.96875,76.0,396.0,0.019999999552965164,0.0,0.07263437658548355,0.043113481253385544,0.84375,0.3689020276069641,0.936384379863739,0.24491438269615173,0.0,205.96875,0.46212123334407806,0.448,112,,,,,
0.0004,0.5096907019615173,3.3714301183045382e-06,1789476.0,254.96875,99.0,474.0,0.0,254.96875,99.0,474.0,0.019999999552965164,0.0,0.08042968809604645,0.03490531072020531,0.65625,0.4825586974620819,0.7566796541213989,0.3830310106277466,0.0,254.96875,0.43444009125232697,0.452,113,,,,,
0.0005,0.5833219885826111,3.338628924375638e-06,1801816.0,151.625,68.0,296.0,0.0,151.625,68.0,296.0,0.019999999552965164,0.0,0.09198437631130219,0.014924398623406887,0.53125,0.507007360458374,0.643234372138977,0.47392749786376953,0.0,151.625,0.5361840724945068,0.456,114,,,,,
0.0006,0.4357539713382721,3.3056642380762783e-06,1817696.0,232.0,99.0,464.0,0.0,232.0,99.0,464.0,0.019999999552965164,0.0,0.08011563122272491,0.04420880973339081,0.28125,0.45680341124534607,0.3813655972480774,0.12204162776470184,0.0,232.0,0.5802631303668022,0.46,115,,,,,
0.0004,0.5451847910881042,3.272542485937369e-06,1832241.0,185.03125,74.0,564.0,0.0,185.03125,74.0,564.0,0.019999999552965164,0.0,0.0869453176856041,0.037022918462753296,0.25,0.4399413466453552,0.35694533586502075,0.44014936685562134,0.0,185.03125,0.44805489480495453,0.464,116,,,,,
0.0003,0.4602268636226654,3.2392701251101172e-06,1849365.0,241.625,94.0,681.0,0.0,241.625,94.0,681.0,0.019999999552965164,0.0,0.07939687371253967,0.044353287667036057,0.53125,0.507007360458374,0.6306468844413757,0.3977389335632324,0.0,241.625,0.34178590774536133,0.468,117,,,,,
0.0004,0.5881963968276978,3.205853642107192e-06,1866857.0,262.625,84.0,1024.0,0.03125,238.06451416015625,84.0,361.0,0.019375000149011612,0.0035355337895452976,0.07856406271457672,0.034862220287323,0.0625,0.24593468010425568,0.16043905913829803,0.18259161710739136,0.25,262.625,0.40910400450229645,0.472,118,,,,,
0.0005,0.6103805899620056,3.1722995515381644e-06,1883131.0,230.0625,71.0,1024.0,0.03125,204.4516143798828,71.0,624.0,0.019375000149011612,0.0035355337895452976,0.06785312294960022,0.04669894650578499,0.4375,0.504016101360321,0.5247281193733215,0.37964826822280884,0.0,230.0625,0.487217053771019,0.476,119,,,,,
0.0007,0.6614811420440674,3.1386143948394764e-06,1897800.0,219.90625,79.0,702.0,0.0,219.90625,79.0,702.0,0.019999999552965164,0.0,0.08248437941074371,0.04533681273460388,0.25,0.4399413466453552,0.3524843752384186,0.2533658742904663,0.0,219.90625,0.6854131519794464,0.48,120,,,,,
0.0004,0.5167484879493713,3.1048047389991693e-06,1917204.0,273.875,112.0,488.0,0.0,273.875,112.0,488.0,0.019999999552965164,0.0,0.06747344136238098,0.05285845696926117,0.21875,0.420013427734375,0.30622342228889465,0.29426395893096924,0.0,273.875,0.40087419003248215,0.484,121,,,,,
0.0004,0.5208860635757446,3.0708771752766397e-06,1934610.0,215.1875,102.0,356.0,0.0,215.1875,102.0,356.0,0.019999999552965164,0.0,0.09431874752044678,0.016433879733085632,0.21875,0.420013427734375,0.33306872844696045,0.3405328691005707,0.0,215.1875,0.4098481759428978,0.488,122,,,,,
0.0094,1.7240959405899048,3.0368383179176584e-06,1949173.0,161.84375,68.0,275.0,0.0,161.84375,68.0,275.0,0.019375000149011612,0.0035355337895452976,0.08973437547683716,0.017022984102368355,0.59375,0.49899089336395264,0.7028594017028809,0.25262928009033203,0.0,161.84375,9.392496407032013,0.492,123,,,,,
0.0008,0.5872415900230408,3.002694802864912e-06,1968320.0,242.84375,104.0,647.0,0.0,242.84375,104.0,647.0,0.019999999552965164,0.0,0.08074375241994858,0.040215011686086655,0.28125,0.45680341124534607,0.38199374079704285,0.33587345480918884,0.0,242.84375,0.765076071023941,0.496,124,,,,,
0.0013,0.6021402478218079,2.9684532864643123e-06,1983729.0,233.28125,90.0,587.0,0.0,233.28125,90.0,587.0,0.019999999552965164,0.0,0.06691250205039978,0.056044675409793854,0.34375,0.4825586974620819,0.43066251277923584,0.34712648391723633,0.0,233.28125,1.259794406592846,0.5,125,,,,,
0.0004,0.6243005394935608,2.9341204441673267e-06,1998583.0,221.6875,110.0,511.0,0.0,221.6875,110.0,511.0,0.019999999552965164,0.0,0.07220156490802765,0.04578177630901337,0.375,0.49186936020851135,0.4672015309333801,0.40108445286750793,0.0,221.6875,0.44182614237070084,0.504,126,,,,,
0.001,0.5608687996864319,2.8997029692295875e-06,2013399.0,206.0,83.0,615.0,0.0,206.0,83.0,615.0,0.019999999552965164,0.0,0.07287343591451645,0.050301387906074524,0.625,0.49186936020851135,0.7178734540939331,0.161021888256073,0.0,206.0,0.9560661464929581,0.508,127,,,,,
0.0004,0.48565158247947693,2.8652075714060296e-06,2031916.0,288.90625,124.0,780.0,0.0,288.90625,124.0,780.0,0.019999999552965164,0.0,0.0718984380364418,0.05171535536646843,0.5,0.5080004930496216,0.5918984413146973,0.4710761606693268,0.0,288.90625,0.4274195581674576,0.512,128,,,,,
0.0004,0.4584537446498871,2.8306409756428067e-06,2049120.0,247.375,107.0,694.0,0.0,247.375,107.0,694.0,0.019999999552965164,0.0,0.0719953179359436,0.052475158125162125,0.125,0.33601075410842896,0.21699529886245728,0.3167613744735718,0.0,247.375,0.4285011440515518,0.516,129,,,,,
0.0005,0.5974627137184143,2.7960099207662535e-06,2064618.0,197.0625,62.0,398.0,0.0,197.0625,62.0,398.0,0.019375000149011612,0.0035355337895452976,0.07983125001192093,0.03860921785235405,0.3125,0.4709290862083435,0.41170626878738403,0.4761459231376648,0.0,197.0625,0.49303390085697174,0.52,130,,,,,
0.0004,0.6662576794624329,2.761321158169134e-06,2081604.0,243.0625,86.0,706.0,0.0,243.0625,86.0,706.0,0.019999999552965164,0.0,0.07883906364440918,0.040731281042099,0.59375,0.49899089336395264,0.6925891041755676,0.22130730748176575,0.0,243.0625,0.4248959347605705,0.524,131,,,,,
0.0004,0.5659740567207336,2.726581450494451e-06,2103428.0,258.5,94.0,533.0,0.0,258.5,94.0,533.0,0.019999999552965164,0.0,0.07434999942779541,0.04684435948729515,0.5,0.5080004930496216,0.5943499803543091,0.4731646180152893,0.0,258.5,0.3801250085234642,0.528,132,,,,,
0.0005,0.5589166283607483,2.6917975703170466e-06,2117684.0,203.75,62.0,532.0,0.0,203.75,62.0,532.0,0.019999999552965164,0.0,0.06947655975818634,0.05197218060493469,0.375,0.49186936020851135,0.4644765555858612,0.24728980660438538,0.0,203.75,0.5361099764704704,0.532,133,,,,,
0.0004,0.5433406233787537,2.6569762988232838e-06,2133179.0,219.46875,89.0,439.0,0.0,219.46875,89.0,439.0,0.019999999552965164,0.0,0.07159531116485596,0.050128791481256485,0.375,0.49186936020851135,0.466595321893692,0.2375308871269226,0.0,219.46875,0.4313887283205986,0.536,134,,,,,
0.0004,0.5073908567428589,2.6221244244890336e-06,2151835.0,271.0,136.0,511.0,0.0,271.0,136.0,511.0,0.019999999552965164,0.0,0.08270625025033951,0.03709721937775612,0.34375,0.4825586974620819,0.44645625352859497,0.4807184338569641,0.0,271.0,0.3598507046699524,0.54,135,,,,,
0.0005,0.6377097368240356,2.587248741756253e-06,2166605.0,230.0625,73.0,477.0,0.0,230.0625,73.0,477.0,0.019999999552965164,0.0,0.07901249825954437,0.03260406479239464,0.625,0.49186936020851135,0.7240124940872192,0.37614676356315613,0.0,230.0625,0.4663773477077484,0.544,136,,,,,
0.0004,0.5503394603729248,2.5523560497083927e-06,2184694.0,235.78125,115.0,445.0,0.0,235.78125,115.0,445.0,0.019999999552965164,0.0,0.0898125022649765,0.025637278333306313,0.75,0.4399413466453552,0.8598124980926514,0.42675232887268066,0.0,235.78125,0.3903256729245186,0.548,137,,,,,
0.0005,0.548468291759491,2.517453150744904e-06,2200299.0,214.40625,72.0,556.0,0.0,214.40625,72.0,556.0,0.019999999552965164,0.0,0.05534374713897705,0.060219720005989075,0.59375,0.49899089336395264,0.6690937280654907,0.3030358850955963,0.0,214.40625,0.4657842889428139,0.552,138,,,,,
0.0006,0.6390720009803772,2.482546849255096e-06,2218998.0,262.34375,145.0,569.0,0.0,262.34375,145.0,569.0,0.019999999552965164,0.0,0.068421870470047,0.05737016350030899,0.28125,0.45680341124534607,0.36967188119888306,0.4541877508163452,0.0,262.34375,0.6287796050310135,0.556,139,,,,,
0.0005,0.5243914723396301,2.447643950291608e-06,2235271.0,217.53125,84.0,412.0,0.0,217.53125,84.0,412.0,0.019999999552965164,0.0,0.09252968430519104,0.013979893177747726,0.5625,0.504016101360321,0.6750296950340271,0.18323546648025513,0.0,217.53125,0.5335593670606613,0.56,140,,,,,
0.0007,0.5610864162445068,2.4127512582437486e-06,2253782.0,299.21875,76.0,946.0,0.0,299.21875,76.0,946.0,0.019999999552965164,0.0,0.05893281102180481,0.06515493988990784,0.4375,0.504016101360321,0.5164327621459961,0.28162890672683716,0.0,299.21875,0.7035332322120667,0.564,141,,,,,
0.0004,0.48521584272384644,2.377875575510967e-06,2272005.0,216.96875,85.0,635.0,0.0,216.96875,85.0,635.0,0.019999999552965164,0.0,0.08216562867164612,0.0395452119410038,0.59375,0.49899089336395264,0.6959155797958374,0.2675969898700714,0.0,216.96875,0.3967460095882416,0.568,142,,,,,
0.0006,0.6335106492042542,2.3430237011767166e-06,2286781.0,217.75,76.0,630.0,0.0,217.75,76.0,630.0,0.019999999552965164,0.0,0.07172499597072601,0.04422682151198387,0.21875,0.420013427734375,0.3104749917984009,0.37111735343933105,0.0,217.75,0.5533889606595039,0.572,143,,,,,
0.0006,0.700881838798523,2.3082024296829538e-06,2303153.0,227.625,103.0,566.0,0.0,227.625,103.0,566.0,0.019999999552965164,0.0,0.07449531555175781,0.051382213830947876,0.34375,0.4825586974620819,0.43824532628059387,0.35724884271621704,0.0,227.625,0.5777616649866104,0.576,144,,,,,
0.0006,0.6122940182685852,2.2734185495055503e-06,2315807.0,187.9375,105.0,278.0,0.0,187.9375,105.0,278.0,0.019999999552965164,0.0,0.09758281707763672,0.006722982507199049,0.40625,0.49899089336395264,0.5238327980041504,0.322193443775177,0.0,187.9375,0.6401489749550819,0.58,145,,,,,
0.0004,0.511191189289093,2.238678841830867e-06,2341733.0,372.1875,121.0,1024.0,0.03125,351.1612854003906,121.0,953.0,0.019375000149011612,0.0035355337895452976,0.03911719098687172,0.07961636781692505,0.3125,0.4709290862083435,0.37099218368530273,0.38700586557388306,0.0,372.1875,0.36693383008241653,0.584,146,,,,,
0.0007,0.644597589969635,2.2039900792337477e-06,2354838.0,193.03125,92.0,543.0,0.0,193.03125,92.0,543.0,0.019999999552965164,0.0,0.07708749920129776,0.04343712702393532,0.40625,0.49899089336395264,0.5033375024795532,0.23216012120246887,0.0,193.03125,0.649170882999897,0.588,147,,,,,
0.0007,0.8371685147285461,2.1693590243571937e-06,2370308.0,237.1875,82.0,489.0,0.0,237.1875,82.0,489.0,0.019999999552965164,0.0,0.056239061057567596,0.07006912678480148,0.5625,0.504016101360321,0.6387390494346619,0.3276480436325073,0.0,237.1875,0.6515779197216034,0.592,148,,,,,
0.0006,0.603190004825592,2.134792428593971e-06,2385124.0,221.5,86.0,519.0,0.0,221.5,86.0,519.0,0.019999999552965164,0.0,0.06930625438690186,0.05566970631480217,0.21875,0.420013427734375,0.3080562353134155,0.33583176136016846,0.0,221.5,0.5648530870676041,0.596,149,,,,,
0.0006,0.6561577320098877,2.1002970307704134e-06,2399856.0,221.625,70.0,612.0,0.0,221.625,70.0,612.0,0.019375000149011612,0.0035355337895452976,0.07692812383174896,0.043366674333810806,0.1875,0.3965577781200409,0.2838031053543091,0.32780909538269043,0.0,221.625,0.5760075598955154,0.6,150,,,,,
0.0005,0.5247688889503479,2.0658795558326745e-06,2415748.0,227.375,69.0,456.0,0.0,227.375,69.0,456.0,0.019999999552965164,0.0,0.08430781215429306,0.029645364731550217,0.375,0.49186936020851135,0.4793078303337097,0.39189720153808594,0.0,227.375,0.48793765157461166,0.604,151,,,,,
0.0005,0.5133553147315979,2.031546713535688e-06,2436446.0,265.5625,124.0,574.0,0.0,265.5625,124.0,574.0,0.019999999552965164,0.0,0.07123125344514847,0.04358898848295212,0.28125,0.45680341124534607,0.37248122692108154,0.11819227039813995,0.0,265.5625,0.535958006978035,0.608,152,,,,,
0.0006,0.6363999843597412,1.997305197135089e-06,2449787.0,163.65625,77.0,339.0,0.0,163.65625,77.0,339.0,0.019999999552965164,0.0,0.08940155804157257,0.013157345354557037,0.375,0.49186936020851135,0.48440155386924744,0.3371862471103668,0.0,163.65625,0.649500697851181,0.612,153,,,,,
0.0004,0.6189403533935547,1.963161682082342e-06,2467480.0,252.65625,92.0,580.0,0.0,252.65625,92.0,580.0,0.019999999552965164,0.0,0.05393437668681145,0.056458063423633575,0.34375,0.4825586974620819,0.4176843762397766,0.4208497107028961,0.0,252.65625,0.4013117402791977,0.616,154,,,,,
0.0005,0.596169114112854,1.9291228247233607e-06,2483681.0,261.03125,64.0,853.0,0.0,261.03125,64.0,853.0,0.019999999552965164,0.0,0.057160936295986176,0.0682871863245964,0.40625,0.49899089336395264,0.48341095447540283,0.33104968070983887,0.0,261.03125,0.4684024006128311,0.62,155,,,,,
0.0005,0.5720983147621155,1.895195261000831e-06,2501368.0,288.71875,71.0,787.0,0.0,288.71875,71.0,787.0,0.019999999552965164,0.0,0.04678281396627426,0.07732312381267548,0.28125,0.45680341124534607,0.3480328321456909,0.12899699807167053,0.0,288.71875,0.453230582177639,0.624,156,,,,,
0.0005,0.5852634310722351,1.8613856051605242e-06,2515620.0,180.125,73.0,328.0,0.0,180.125,73.0,328.0,0.019375000149011612,0.0035355337895452976,0.08623437583446503,0.02278776839375496,0.375,0.49186936020851135,0.48060935735702515,0.23558032512664795,0.0,180.125,0.5414417758584023,0.628,157,,,,,
0.0004,0.5059032440185547,1.827700448461836e-06,2532217.0,244.15625,112.0,451.0,0.0,244.15625,112.0,451.0,0.019375000149011612,0.0035355337895452976,0.08094687759876251,0.04031134396791458,0.375,0.49186936020851135,0.47532185912132263,0.34101271629333496,0.0,244.15625,0.42994581162929535,0.632,158,,,,,
0.0005,0.5576037168502808,1.7941463578928088e-06,2548730.0,204.78125,64.0,975.0,0.0,204.78125,64.0,975.0,0.019999999552965164,0.0,0.07547499984502792,0.0501713752746582,0.53125,0.507007360458374,0.6267250180244446,0.2692209482192993,0.0,204.78125,0.5463391244411469,0.636,159,,,,,
0.0003,0.7401419281959534,1.7607298748898844e-06,2567712.0,340.6875,126.0,692.0,0.0,340.6875,126.0,692.0,0.019375000149011612,0.0035355337895452976,0.030717186629772186,0.08043403178453445,0.1875,0.3965577781200409,0.2375921756029129,0.3409201502799988,0.0,340.6875,0.3364131599664688,0.64,160,,,,,
0.0005,0.576529860496521,1.7274575140626318e-06,2583603.0,223.59375,82.0,981.0,0.0,223.59375,82.0,981.0,0.019999999552965164,0.0,0.07539218664169312,0.05148971080780029,0.5,0.5080004930496216,0.5953921675682068,0.1833895891904831,0.0,223.59375,0.4883553385734558,0.644,161,,,,,
0.0005,0.4689289927482605,1.6943357619237227e-06,2602105.0,254.1875,93.0,804.0,0.0,254.1875,93.0,804.0,0.019999999552965164,0.0,0.06007344275712967,0.06848409026861191,0.71875,0.45680341124534607,0.7988234758377075,0.38323482871055603,0.0,254.1875,0.48031607270240784,0.648,162,,,,,
0.0005,0.4600042998790741,1.661371075624363e-06,2619866.0,237.28125,94.0,519.0,0.0,237.28125,94.0,519.0,0.019999999552965164,0.0,0.0779031291604042,0.049415990710258484,0.46875,0.507007360458374,0.5666531324386597,0.3538557291030884,0.25,237.28125,0.46148407459259033,0.652,163,,,,,
0.0006,0.5501433610916138,1.6285698816954626e-06,2634540.0,182.0625,72.0,700.0,0.0,182.0625,72.0,700.0,0.019999999552965164,0.0,0.08504375070333481,0.036312807351350784,0.4375,0.504016101360321,0.5425437688827515,0.22741925716400146,0.0,182.0625,0.5703830868005753,0.656,164,,,,,
0.0004,0.6026433706283569,1.5959385747947697e-06,2654056.0,328.375,115.0,1024.0,0.0625,282.0,115.0,838.0,0.01875000074505806,0.0049186935648322105,0.06123437359929085,0.060424670577049255,0.40625,0.49899089336395264,0.4862343668937683,0.3307797312736511,0.0,328.375,0.39809950441122055,0.66,165,,,,,
0.0007,0.6122190952301025,1.56348351646022e-06,2666375.0,158.96875,70.0,416.0,0.0,158.96875,70.0,416.0,0.019375000149011612,0.0035355337895452976,0.08523750305175781,0.0263199545443058,0.75,0.4399413466453552,0.8546124696731567,0.2730409502983093,0.0,158.96875,0.6711400598287582,0.664,166,,,,,
0.0005,0.552725076675415,1.5312110338697427e-06,2689502.0,257.21875,78.0,1024.0,0.03125,232.48387145996094,78.0,468.0,0.019999999552965164,0.0,0.07087656110525131,0.050665393471717834,0.5,0.5080004930496216,0.590876579284668,0.3488568365573883,0.0,257.21875,0.520991787314415,0.668,167,,,,,
0.0007,0.6575648188591003,1.4991274186077632e-06,2704350.0,211.75,71.0,603.0,0.0,211.75,71.0,603.0,0.019375000149011612,0.0035355337895452976,0.0689203143119812,0.04656355455517769,0.1875,0.3965577781200409,0.2757953107357025,0.3084668219089508,0.0,211.75,0.6995078325271606,0.672,168,,,,,
0.0005,0.6200421452522278,1.467238925438646e-06,2720556.0,227.6875,108.0,766.0,0.0,227.6875,108.0,766.0,0.019999999552965164,0.0,0.08764375001192093,0.0377129502594471,0.5,0.5080004930496216,0.6076437830924988,0.4713539183139801,0.0,227.6875,0.5063533708453178,0.676,169,,,,,
0.0005,0.6024132370948792,1.4355517710873184e-06,2735900.0,231.75,109.0,479.0,0.0,231.75,109.0,479.0,0.019375000149011612,0.0035355337895452976,0.08497969061136246,0.030263828113675117,0.53125,0.507007360458374,0.6356046795845032,0.4912189245223999,0.0,231.75,0.4521654099225998,0.68,170,,,,,
0.0006,0.7438731789588928,1.4040721330273063e-06,2748534.0,157.8125,70.0,336.0,0.0,157.8125,70.0,336.0,0.019999999552965164,0.0,0.08737656474113464,0.01688249781727791,0.40625,0.49899089336395264,0.5136265754699707,0.3073897659778595,0.0,157.8125,0.571982204914093,0.684,171,,,,,
0.0006,0.5729615688323975,1.3728061482764238e-06,2762980.0,168.9375,80.0,316.0,0.0,168.9375,80.0,316.0,0.019999999552965164,0.0,0.0843687504529953,0.028616713359951973,0.75,0.4399413466453552,0.8543687462806702,0.24553543329238892,0.0,168.9375,0.6060454845428467,0.688,172,,,,,
0.0005,0.5292851328849792,1.3417599122003464e-06,2778518.0,213.0625,88.0,460.0,0.0,213.0625,88.0,460.0,0.019999999552965164,0.0,0.07915937155485153,0.042127545922994614,0.8125,0.3965577781200409,0.911659300327301,0.2333642691373825,0.0,213.0625,0.493178553879261,0.692,173,,,,,
0.0004,0.4539985656738281,1.3109394773243117e-06,2795697.0,261.84375,99.0,714.0,0.0,261.84375,99.0,714.0,0.019999999552965164,0.0,0.07250937819480896,0.04982428997755051,0.375,0.49186936020851135,0.467509388923645,0.37380343675613403,0.0,261.84375,0.403502382338047,0.696,174,,,,,
0.0005,0.6894041895866394,1.280350852153168e-06,2811228.0,229.59375,85.0,451.0,0.0,229.59375,85.0,451.0,0.019999999552965164,0.0,0.06411406397819519,0.06592904776334763,0.375,0.49186936020851135,0.45911407470703125,0.3955228328704834,0.0,229.59375,0.4721831828355789,0.7,175,,,,,
0.0011,0.6150802373886108,1.2500000000000007e-06,2827051.0,245.71875,88.0,634.0,0.0,245.71875,88.0,634.0,0.019999999552965164,0.0,0.06350468844175339,0.06138274818658829,0.46875,0.507007360458374,0.5522546768188477,0.3860037922859192,0.0,245.71875,1.088390126824379,0.704,176,,,,,
0.001,0.7305543422698975,1.2198928378235717e-06,2843197.0,267.8125,58.0,653.0,0.0,267.8125,58.0,653.0,0.019375000149011612,0.0035355337895452976,0.058674998581409454,0.06766977906227112,0.375,0.49186936020851135,0.45304998755455017,0.407462477684021,0.0,267.8125,1.0268051624298096,0.708,177,,,,,
0.0005,0.604986310005188,1.1900352350748026e-06,2856786.0,208.65625,64.0,423.0,0.0,208.65625,64.0,423.0,0.019999999552965164,0.0,0.0765874981880188,0.033491529524326324,0.40625,0.49899089336395264,0.5028375387191772,0.35120102763175964,0.0,208.65625,0.4638051465153694,0.712,178,,,,,
0.0005,0.707258939743042,1.160433012552508e-06,2875986.0,247.25,76.0,616.0,0.0,247.25,76.0,616.0,0.019999999552965164,0.0,0.055393751710653305,0.06464383751153946,0.5,0.5080004930496216,0.5753937363624573,0.1962270438671112,0.0,247.25,0.4686390459537506,0.716,179,,,,,
0.0006,0.6356598138809204,1.1310919412686248e-06,2888809.0,143.46875,60.0,308.0,0.0,143.46875,60.0,308.0,0.019999999552965164,0.0,0.08288437128067017,0.023491064086556435,0.625,0.49186936020851135,0.7278844118118286,0.22676914930343628,0.0,143.46875,0.578980028629303,0.72,180,,,,,
0.0004,0.5738973021507263,1.1020177413231334e-06,2905353.0,250.0,97.0,669.0,0.0,250.0,97.0,669.0,0.019999999552965164,0.0,0.06844843924045563,0.03603672981262207,0.4375,0.504016101360321,0.5259484648704529,0.2753084897994995,0.0,250.0,0.4115246385335922,0.724,181,,,,,
0.0008,0.5289433598518372,1.073216080788921e-06,2922195.0,245.8125,99.0,783.0,0.0,245.8125,99.0,783.0,0.019999999552965164,0.0,0.0743468701839447,0.05665973573923111,0.3125,0.4709290862083435,0.40684688091278076,0.25294992327690125,0.0,245.8125,0.8222990781068802,0.728,182,,,,,
0.0006,0.6792719960212708,1.0446925746067768e-06,2936127.0,192.875,84.0,676.0,0.0,192.875,84.0,676.0,0.019999999552965164,0.0,0.08653281629085541,0.039285674691200256,0.53125,0.507007360458374,0.6377828121185303,0.30735599994659424,0.0,192.875,0.5870153829455376,0.732,183,,,,,
0.0014,0.7021152377128601,1.0164527834907468e-06,2953896.0,264.53125,88.0,720.0,0.0,264.53125,88.0,720.0,0.019999999552965164,0.0,0.07083437591791153,0.052533108741045,0.59375,0.49899089336395264,0.684584379196167,0.3151324391365051,0.0,264.53125,1.4214342832565308,0.736,184,,,,,
0.0003,0.5967395901679993,9.88502212844063e-07,2975392.0,281.5,135.0,561.0,0.0,281.5,135.0,561.0,0.019375000149011612,0.0035355337895452976,0.07867500185966492,0.04167482256889343,0.46875,0.507007360458374,0.5667999982833862,0.4311586022377014,0.0,281.5,0.32735344767570496,0.74,185,,,,,
0.0008,0.5627171397209167,9.608463116858544e-07,2991547.0,216.34375,81.0,876.0,0.0,216.34375,81.0,876.0,0.019999999552965164,0.0,0.06327812373638153,0.06224299967288971,0.75,0.4399413466453552,0.8332781195640564,0.23824480175971985,0.0,216.34375,0.8293960243463516,0.744,186,,,,,
0.0005,0.6275366544723511,9.334904715888496e-07,3005982.0,230.09375,91.0,584.0,0.0,230.09375,91.0,584.0,0.019999999552965164,0.0,0.0756109356880188,0.040272634476423264,0.3125,0.4709290862083435,0.40811091661453247,0.3878783583641052,0.0,230.09375,0.4964013248682022,0.748,187,,,,,
0.0008,0.596724808216095,9.064400256282757e-07,3021528.0,228.8125,103.0,539.0,0.0,228.8125,103.0,539.0,0.019375000149011612,0.0035355337895452976,0.07726406306028366,0.04654032737016678,0.375,0.49186936020851135,0.47163909673690796,0.22426146268844604,0.0,228.8125,0.8220598995685577,0.752,188,,,,,
0.0006,0.5784733891487122,8.797002473421729e-07,3034879.0,159.71875,86.0,286.0,0.0,159.71875,86.0,286.0,0.019999999552965164,0.0,0.08921562135219574,0.015002195723354816,0.6875,0.4709290862083435,0.7967156171798706,0.4510064125061035,0.0,159.71875,0.5524105727672577,0.756,189,,,,,
0.0005,0.6104029417037964,8.532763497032987e-07,3049343.0,212.5,94.0,623.0,0.0,212.5,94.0,623.0,0.019999999552965164,0.0,0.07533905655145645,0.04693836346268654,0.1875,0.3965577781200409,0.2828390598297119,0.2673431932926178,0.0,212.5,0.45293183624744415,0.76,190,,,,,
0.0005,0.6149583458900452,8.271734841028553e-07,3062184.0,165.78125,100.0,471.0,0.0,165.78125,100.0,471.0,0.019999999552965164,0.0,0.08738593757152557,0.02459978498518467,0.5625,0.504016101360321,0.6698859333992004,0.34745287895202637,0.0,165.78125,0.476684994995594,0.764,191,,,,,
0.0005,0.5596238374710083,8.013967393462094e-07,3078934.0,235.9375,98.0,807.0,0.0,235.9375,98.0,807.0,0.019999999552965164,0.0,0.08064062893390656,0.048699356615543365,0.65625,0.4825586974620819,0.756890594959259,0.31998467445373535,0.0,235.9375,0.5265079364180565,0.768,192,,,,,
0.0004,0.512715756893158,7.759511406608255e-07,3096654.0,259.0,125.0,536.0,0.0,259.0,125.0,536.0,0.019999999552965164,0.0,0.06293906271457672,0.055827051401138306,0.375,0.49186936020851135,0.4579390287399292,0.389134019613266,0.0,259.0,0.39326242357492447,0.772,193,,,,,
0.0005,0.558989405632019,7.508416487165862e-07,3112204.0,236.6875,104.0,551.0,0.0,236.6875,104.0,551.0,0.019999999552965164,0.0,0.08314688503742218,0.04057746380567551,0.25,0.4399413466453552,0.35314685106277466,0.33385634422302246,0.0,236.6875,0.4545532688498497,0.776,194,,,,,
0.0004,0.6596670150756836,7.260731586586983e-07,3129475.0,241.46875,87.0,657.0,0.0,241.46875,87.0,657.0,0.019999999552965164,0.0,0.07084999978542328,0.04958145692944527,0.1875,0.3965577781200409,0.27834999561309814,0.36038416624069214,0.0,241.46875,0.41412098705768585,0.78,195,,,,,
0.0005,0.5136545300483704,7.016504991533727e-07,3149319.0,244.625,96.0,1024.0,0.03125,219.48387145996094,96.0,449.0,0.019375000149011612,0.0035355337895452976,0.08163124322891235,0.04058085009455681,0.25,0.4399413466453552,0.35100623965263367,0.032291315495967865,0.0,244.625,0.6142501011490822,0.784,196,,,,,
0.0006,0.5772426128387451,6.775784314464717e-07,3162268.0,172.90625,74.0,544.0,0.0,172.90625,74.0,544.0,0.019999999552965164,0.0,0.07968437671661377,0.03994821012020111,0.46875,0.507007360458374,0.5684343576431274,0.226232647895813,0.0,172.90625,0.5537919253110886,0.788,197,,,,,
0.0004,0.5682725310325623,6.538616484352902e-07,3178924.0,271.75,129.0,1008.0,0.0,271.75,129.0,1008.0,0.019999999552965164,0.0,0.07641719281673431,0.05580618232488632,0.34375,0.4825586974620819,0.4401671886444092,0.4251312017440796,0.0,271.75,0.35404669493436813,0.792,198,,,,,
0.0005,0.8070094585418701,6.305047737536707e-07,3192537.0,221.90625,74.0,711.0,0.0,221.90625,74.0,711.0,0.019999999552965164,0.0,0.08020313084125519,0.040106408298015594,0.40625,0.49899089336395264,0.5064531564712524,0.31913527846336365,0.0,221.90625,0.4807289317250252,0.796,199,,,,,
0.0004,0.5187326073646545,6.075123608706093e-07,3209798.0,232.65625,88.0,442.0,0.0,232.65625,88.0,442.0,0.019999999552965164,0.0,0.07061249762773514,0.047541264444589615,0.34375,0.4825586974620819,0.4343625009059906,0.4586320221424103,0.0,232.65625,0.4456447586417198,0.8,200,,,,,
0.0006,0.5595319271087646,5.848888922025553e-07,3225123.0,177.40625,79.0,471.0,0.0,177.40625,79.0,471.0,0.019999999552965164,0.0,0.08469687402248383,0.031308311969041824,0.71875,0.45680341124534607,0.8234468698501587,0.2770255208015442,0.0,177.40625,0.6487477049231529,0.804,201,,,,,
0.0004,0.5847001075744629,5.626387782395512e-07,3240854.0,222.09375,90.0,477.0,0.0,222.09375,90.0,477.0,0.019999999552965164,0.0,0.08283749967813492,0.039885085076093674,0.40625,0.49899089336395264,0.5090874433517456,0.32235175371170044,0.0,222.09375,0.39169038087129593,0.808,202,,,,,
0.0004,0.5199982523918152,5.407663566854008e-07,3257933.0,274.46875,101.0,630.0,0.0,274.46875,101.0,630.0,0.019999999552965164,0.0,0.07398594170808792,0.05575142428278923,0.375,0.49186936020851135,0.468985915184021,0.24647840857505798,0.0,274.46875,0.42504992336034775,0.812,203,,,,,
0.0007,0.55484539270401,5.192758916120236e-07,3273958.0,209.78125,53.0,383.0,0.0,209.78125,53.0,383.0,0.019999999552965164,0.0,0.08491718769073486,0.029062123969197273,0.3125,0.4709290862083435,0.41741716861724854,0.42708027362823486,0.0,209.78125,0.6833025440573692,0.816,204,,,,,
0.0005,0.5105094909667969,4.981715726281666e-07,3288278.0,200.5,68.0,1024.0,0.03125,173.93548583984375,68.0,380.0,0.019375000149011612,0.0035355337895452976,0.08481249958276749,0.02577277086675167,0.75,0.4399413466453552,0.8541874885559082,0.30472320318222046,0.0,200.5,0.5041221678256989,0.82,205,,,,,
0.0005,0.5590271353721619,4.774575140626317e-07,3305305.0,253.34375,87.0,863.0,0.0,253.34375,87.0,863.0,0.019999999552965164,0.0,0.07372656464576721,0.043296486139297485,0.6875,0.4709290862083435,0.7812265157699585,0.19933892786502838,0.0,253.34375,0.5029004290699959,0.824,206,,,,,
0.0005,0.5908411145210266,4.5713775416217884e-07,3319842.0,223.28125,82.0,497.0,0.0,223.28125,82.0,497.0,0.019999999552965164,0.0,0.07213124632835388,0.05305461212992668,0.625,0.49186936020851135,0.7171312570571899,0.34210360050201416,0.0,223.28125,0.49976398795843124,0.828,207,,,,,
0.0005,0.615778923034668,4.372162543042624e-07,3334311.0,202.15625,62.0,530.0,0.0,202.15625,62.0,530.0,0.019999999552965164,0.0,0.08446094393730164,0.027208682149648666,0.46875,0.507007360458374,0.5732108950614929,0.2546636164188385,0.0,202.15625,0.47523441910743713,0.832,208,,,,,
0.0004,0.41859838366508484,4.1769689822475147e-07,3353451.0,276.125,81.0,1024.0,0.03125,252.0,81.0,537.0,0.019375000149011612,0.0035355337895452976,0.0664406269788742,0.042451031506061554,0.4375,0.504016101360321,0.5233156085014343,0.2586710751056671,0.0,276.125,0.4189426898956299,0.836,209,,,,,
0.0004,0.6589707136154175,3.9858349126078945e-07,3369984.0,260.40625,84.0,925.0,0.0,260.40625,84.0,925.0,0.019999999552965164,0.0,0.07830625027418137,0.04624933376908302,0.1875,0.3965577781200409,0.28580623865127563,0.3552192449569702,0.0,260.40625,0.412590391933918,0.84,210,,,,,
0.0006,0.8338407278060913,3.798797596089351e-07,3383399.0,187.71875,69.0,440.0,0.0,187.71875,69.0,440.0,0.019999999552965164,0.0,0.07864843308925629,0.040362775325775146,0.25,0.4399413466453552,0.34864842891693115,0.20695385336875916,0.0,187.71875,0.60945063829422,0.844,211,,,,,
0.0006,0.4312809705734253,3.615893495987335e-07,3404678.0,318.71875,124.0,675.0,0.0,318.71875,124.0,675.0,0.019999999552965164,0.0,0.046812500804662704,0.07878784835338593,0.21875,0.420013427734375,0.28556251525878906,0.2890188694000244,0.0,318.71875,0.6250255182385445,0.848,212,,,,,
0.0006,0.6756076216697693,3.4371582698185636e-07,3414770.0,124.125,67.0,211.0,0.0,124.125,67.0,211.0,0.019999999552965164,0.0,0.09093749523162842,0.013114877976477146,0.875,0.33601075410842896,0.9859374761581421,0.2396010011434555,0.0,124.125,0.6144677847623825,0.852,213,,,,,
0.0006,0.7205334901809692,3.262626762369525e-07,3429553.0,198.71875,78.0,398.0,0.0,198.71875,78.0,398.0,0.019999999552965164,0.0,0.07639843225479126,0.03046533837914467,0.59375,0.49899089336395264,0.6901484727859497,0.3348091244697571,0.0,198.71875,0.6173621043562889,0.856,214,,,,,
0.0004,0.5345457196235657,3.092332998903416e-07,3444734.0,200.40625,111.0,365.0,0.0,200.40625,111.0,365.0,0.019999999552965164,0.0,0.09358280897140503,0.012148216366767883,0.40625,0.49899089336395264,0.5198328495025635,0.390899121761322,0.0,200.40625,0.4077017232775688,0.86,215,,,,,
0.0005,0.6614701151847839,2.9263101785268253e-07,3462319.0,226.03125,73.0,467.0,0.0,226.03125,73.0,467.0,0.019999999552965164,0.0,0.06849687546491623,0.05049912631511688,0.65625,0.4825586974620819,0.7447469234466553,0.2307208776473999,0.0,226.03125,0.47459397464990616,0.864,216,,,,,
0.0006,0.5573850274085999,2.764590667717562e-07,3477205.0,243.6875,72.0,424.0,0.0,243.6875,72.0,424.0,0.019999999552965164,0.0,0.07741719484329224,0.04062330722808838,0.375,0.49186936020851135,0.4724171757698059,0.3445480763912201,0.0,243.6875,0.5958682000637054,0.868,217,,,,,
0.0005,0.608790934085846,2.6072059940146775e-07,3494070.0,251.28125,88.0,860.0,0.0,251.28125,88.0,860.0,0.019375000149011612,0.0035355337895452976,0.06821875274181366,0.05951116979122162,0.28125,0.45680341124534607,0.3688437342643738,0.3868199586868286,0.0,251.28125,0.4545164480805397,0.872,218,,,,,
0.0019,0.7109251022338867,2.454186839872158e-07,3504567.0,128.78125,62.0,218.0,0.0,128.78125,62.0,218.0,0.019999999552965164,0.0,0.08557343482971191,0.017190536484122276,0.71875,0.45680341124534607,0.8243234157562256,0.4415341913700104,0.0,128.78125,1.855362668633461,0.876,219,,,,,
0.0005,0.5587403178215027,2.3055630366772857e-07,3521728.0,240.28125,104.0,484.0,0.0,240.28125,104.0,484.0,0.019999999552965164,0.0,0.07835625112056732,0.04184534773230553,0.25,0.4399413466453552,0.3483562469482422,0.1915859878063202,0.0,240.28125,0.4877990409731865,0.88,220,,,,,
0.0006,0.675190806388855,2.1613635589349756e-07,3537368.0,228.25,107.0,415.0,0.0,228.25,107.0,415.0,0.019999999552965164,0.0,0.08858750015497208,0.03180265799164772,0.6875,0.4709290862083435,0.7960875034332275,0.4626937806606293,0.0,228.25,0.602502778172493,0.884,221,,,,,
0.0005,0.6078890562057495,2.0216165186191406e-07,3555202.0,274.5625,94.0,1024.0,0.03125,250.3870849609375,94.0,542.0,0.01875000074505806,0.0049186935648322105,0.06155156344175339,0.06409895420074463,0.15625,0.3689020276069641,0.23655156791210175,0.32061880826950073,0.0,274.5625,0.48856356739997864,0.888,222,,,,,
0.0004,0.5145030617713928,1.8863491596921745e-07,3573542.0,250.125,79.0,504.0,0.0,250.125,79.0,504.0,0.019999999552965164,0.0,0.06661719083786011,0.05090960115194321,0.28125,0.45680341124534607,0.36786720156669617,0.2927282452583313,0.0,250.125,0.41452228277921677,0.892,223,,,,,
0.0005,0.6219630837440491,1.7555878527937164e-07,3589860.0,228.1875,91.0,632.0,0.0,228.1875,91.0,632.0,0.019999999552965164,0.0,0.07612656056880951,0.05182204395532608,0.8125,0.3965577781200409,0.9086265563964844,0.4073101282119751,0.0,228.1875,0.5257198214530945,0.896,224,,,,,
0.0004,0.5848640203475952,1.629358090099639e-07,3608074.0,298.6875,120.0,1024.0,0.03125,275.2903137207031,120.0,900.0,0.019375000149011612,0.0035355337895452976,0.062210939824581146,0.06749224662780762,0.34375,0.4825586974620819,0.42533594369888306,0.35879194736480713,0.0,298.6875,0.41267845034599304,0.9,225,,,,,
0.0004,0.6353820562362671,1.507684480352292e-07,3627459.0,273.28125,87.0,596.0,0.0,273.28125,87.0,596.0,0.019999999552965164,0.0,0.06396093964576721,0.05807259678840637,0.3125,0.4709290862083435,0.39646095037460327,0.48512953519821167,0.0,273.28125,0.4052485153079033,0.904,226,,,,,
0.0004,0.5244735479354858,1.3905907440629752e-07,3643462.0,227.34375,95.0,465.0,0.0,227.34375,95.0,465.0,0.019999999552965164,0.0,0.08934687823057175,0.02296454645693302,0.5,0.5080004930496216,0.609346866607666,0.27714571356773376,0.0,227.34375,0.43874016404151917,0.908,227,,,,,
0.0016,0.6620246171951294,1.278099708887587e-07,3662559.0,274.03125,87.0,523.0,0.0,274.03125,87.0,523.0,0.019999999552965164,0.0,0.05937188118696213,0.060521725565195084,0.46875,0.507007360458374,0.5481218695640564,0.33104538917541504,0.0,274.03125,1.6348455175757408,0.912,228,,,,,
0.0004,0.6145496964454651,1.1702333051763271e-07,3680350.0,247.46875,145.0,415.0,0.0,247.46875,145.0,415.0,0.019999999552965164,0.0,0.09350312501192093,0.017014235258102417,0.4375,0.504016101360321,0.551003098487854,0.42803317308425903,0.0,247.46875,0.39207474887371063,0.916,229,,,,,
0.0004,0.5553455352783203,1.067012561698319e-07,3698872.0,253.3125,126.0,544.0,0.0,253.3125,126.0,544.0,0.019999999552965164,0.0,0.08161093294620514,0.04022170975804329,0.5625,0.504016101360321,0.6641108989715576,0.46033501625061035,0.0,253.3125,0.4467036947607994,0.92,230,,,,,
0.0005,0.6680905222892761,9.684576015420277e-08,3718129.0,271.28125,128.0,618.0,0.0,271.28125,128.0,618.0,0.019999999552965164,0.0,0.06110937520861626,0.0629003494977951,0.75,0.4399413466453552,0.8311094045639038,0.36022406816482544,0.0,271.28125,0.4715856835246086,0.924,231,,,,,
0.0004,0.5315865874290466,8.745876381922147e-08,3735407.0,259.9375,140.0,424.0,0.0,259.9375,140.0,424.0,0.019999999552965164,0.0,0.07584844529628754,0.03134548291563988,0.15625,0.3689020276069641,0.2520984411239624,0.3248775005340576,0.0,259.9375,0.4483902007341385,0.928,232,,,,,
0.0004,0.6635029315948486,7.854209717842231e-08,3751053.0,238.4375,101.0,542.0,0.0,238.4375,101.0,542.0,0.019999999552965164,0.0,0.08328905701637268,0.029262999072670937,0.59375,0.49899089336395264,0.697039008140564,0.5199111700057983,0.0,238.4375,0.42941389977931976,0.932,233,,,,,
0.0005,0.622083842754364,7.009749855363457e-08,3766951.0,206.8125,73.0,975.0,0.0,206.8125,73.0,975.0,0.019999999552965164,0.0,0.08183124661445618,0.03865457698702812,0.40625,0.49899089336395264,0.5080811977386475,0.4255738854408264,0.0,206.8125,0.4597747027873993,0.936,234,,,,,
0.0005,0.6085605621337891,6.212661423609184e-08,3784148.0,259.15625,81.0,720.0,0.0,259.15625,81.0,720.0,0.019999999552965164,0.0,0.07054688036441803,0.054889798164367676,0.375,0.49186936020851135,0.4655468463897705,0.36680757999420166,0.0,259.15625,0.5423536524176598,0.94,235,,,,,
0.0034,0.7270485758781433,5.463099816548578e-08,3803475.0,239.71875,120.0,604.0,0.0,239.71875,120.0,604.0,0.019999999552965164,0.0,0.07117968797683716,0.0525544174015522,0.46875,0.507007360458374,0.5599297285079956,0.27687299251556396,0.0,239.71875,3.4456682279706,0.944,236,,,,,
0.0004,0.4680812656879425,4.761211162702117e-08,3823498.0,298.96875,100.0,851.0,0.0,298.96875,100.0,851.0,0.019999999552965164,0.0,0.05582499876618385,0.06217390298843384,0.28125,0.45680341124534607,0.3570750057697296,0.28649815917015076,0.0,298.96875,0.43527091294527054,0.948,237,,,,,
0.0006,0.6838545799255371,4.1071322966535487e-08,3837751.0,159.65625,74.0,309.0,0.0,159.65625,74.0,309.0,0.019999999552965164,0.0,0.07681874930858612,0.044793833047151566,0.4375,0.504016101360321,0.534318745136261,0.30375969409942627,0.0,159.65625,0.6277512609958649,0.952,238,,,,,
0.0004,0.52336585521698,3.5009907323737826e-08,3860541.0,303.1875,122.0,803.0,0.0,303.1875,122.0,803.0,0.019999999552965164,0.0,0.059959374368190765,0.0604640394449234,0.3125,0.4709290862083435,0.3924593925476074,0.2876870334148407,0.0,303.1875,0.39906661212444305,0.956,239,,,,,
0.0005,0.523844838142395,2.9429046383618042e-08,3877893.0,268.25,89.0,1024.0,0.03125,243.87095642089844,89.0,493.0,0.019375000149011612,0.0035355337895452976,0.06474843621253967,0.05290580540895462,0.375,0.49186936020851135,0.459123432636261,0.24440741539001465,0.0,268.25,0.5008864104747772,0.96,240,,,,,
0.0004,0.6483760476112366,2.4329828146074096e-08,3894499.0,258.9375,87.0,759.0,0.0,258.9375,87.0,759.0,0.019999999552965164,0.0,0.06875468790531158,0.057548847049474716,0.46875,0.507007360458374,0.5575046539306641,0.31790703535079956,0.0,258.9375,0.4437571093440056,0.964,241,,,,,
0.0004,0.46974635124206543,1.9713246713805588e-08,3912801.0,278.4375,142.0,688.0,0.0,278.4375,142.0,688.0,0.019999999552965164,0.0,0.07213906198740005,0.05951060727238655,0.15625,0.3689020276069641,0.24838906526565552,0.2508440315723419,0.0,278.4375,0.3686908110976219,0.968,242,,,,,
0.0007,0.5578212141990662,1.5580202098509078e-08,3926989.0,185.625,86.0,381.0,0.0,185.625,86.0,381.0,0.019999999552965164,0.0,0.08451718837022781,0.03738607466220856,0.5625,0.504016101360321,0.6670171618461609,0.39430707693099976,0.0,185.625,0.6522205471992493,0.972,243,,,,,
0.0006,0.518257737159729,1.193150004542204e-08,3942256.0,187.59375,81.0,400.0,0.0,187.59375,81.0,400.0,0.019999999552965164,0.0,0.09446562826633453,0.012522061355412006,0.6875,0.4709290862083435,0.8019656538963318,0.2568686604499817,0.0,187.59375,0.605078250169754,0.976,244,,,,,
0.0004,0.5022560954093933,8.767851876239075e-09,3961580.0,254.375,104.0,648.0,0.0,254.375,104.0,648.0,0.019999999552965164,0.0,0.06742656230926514,0.055446330457925797,0.25,0.4399413466453552,0.3374265432357788,0.2809368371963501,0.0,254.375,0.41007230430841446,0.98,245,,,,,
0.0007,0.7301687598228455,6.089874350439507e-09,3975761.0,198.90625,60.0,477.0,0.0,198.90625,60.0,477.0,0.019999999552965164,0.0,0.06764844059944153,0.04402156546711922,0.28125,0.45680341124534607,0.3688984513282776,0.3922920823097229,0.0,198.90625,0.6566844880580902,0.984,246,,,,,
0.0005,0.6384603381156921,3.8980895450474455e-09,3989608.0,210.21875,79.0,414.0,0.0,210.21875,79.0,414.0,0.019999999552965164,0.0,0.08930157124996185,0.02543046325445175,0.28125,0.45680341124534607,0.3905515670776367,0.324796587228775,0.0,210.21875,0.5131218507885933,0.988,247,,,,,
0.0004,0.5517948865890503,2.192924752854042e-09,4005298.0,186.3125,98.0,496.0,0.0,186.3125,98.0,496.0,0.019999999552965164,0.0,0.08885157108306885,0.024964483454823494,0.5625,0.504016101360321,0.6713515520095825,0.3425644636154175,0.0,186.3125,0.4451993480324745,0.992,248,,,,,
0.0005,0.602828323841095,9.747123991141193e-10,4023462.0,270.125,120.0,555.0,0.0,270.125,120.0,555.0,0.019375000149011612,0.0035355337895452976,0.07461406290531158,0.046171996742486954,0.375,0.49186936020851135,0.4689890444278717,0.446872353553772,0.0,270.125,0.5388614907860756,0.996,249,,,,,
0.0004,0.5638977289199829,2.43689976739403e-10,4042787.0,321.65625,87.0,1024.0,0.03125,299.0,87.0,661.0,0.019375000149011612,0.0035355337895452976,0.05400000140070915,0.07343155145645142,0.28125,0.45680341124534607,0.35462501645088196,0.45032092928886414,0.0,321.65625,0.4248936176300049,1.0,250,,,,,
,,,,,,,,,,,,,,,,,,,,,,1.0,250,3238.2217,0.309,0.077,0.0,0.0006166510879993439
